city,country,email,firstName,gender,lastName,password,phoneNumber,state,updatedCity,updatedState,bulidingInfo,landmark,name,phone,pincode,streetInfo,type
Jaipur,India,aditya.shopper01@gmail.com,Aditya,MALE,Mehta,Aditya@Test3001,9012001001,Rajasthan,Jaipur Updated 1,Rajasthan Updated 1,House 201,Jaipur Landmark 1,Aditya Mehta,9012001001,432101,Jaipur Street 1,HOME
Surat,India,bhavesh.shopper02@yahoo.com,Bhavesh,MALE,Shah,Bhavesh@Test3002,9012001002,Gujarat,Surat Updated 2,Gujarat Updated 2,House 202,Surat Landmark 2,Bhavesh Shah,9012001002,432102,Surat Street 2,HOME
Mysuru,India,chetan.shopper03@hotmail.com,Chetan,MALE,Rao,Chetan@Test3003,9012001003,Karnataka,Mysuru Updated 3,Karnataka Updated 3,House 203,Mysuru Landmark 3,Chetan Rao,9012001003,432103,Mysuru Street 3,HOME
Nashik,India,dinesh.shopper04@outlook.com,Dinesh,MALE,Naik,Dinesh@Test3004,9012001004,Maharashtra,Nashik Updated 4,Maharashtra Updated 4,House 204,Nashik Landmark 4,Dinesh Naik,9012001004,432104,Nashik Street 4,HOME
Kochi,India,eshwar.shopper05@gmail.com,Eshwar,MALE,Babu,Eshwar@Test3005,9012001005,Kerala,Kochi Updated 5,Kerala Updated 5,House 205,Kochi Landmark 5,Eshwar Babu,9012001005,432105,Kochi Street 5,HOME
Lucknow,India,faisal.shopper06@yahoo.com,Faisal,MALE,Ahmed,Faisal@Test3006,9012001006,Uttar Pradesh,Lucknow Updated 6,Uttar Pradesh Updated 6,House 206,Lucknow Landmark 6,Faisal Ahmed,9012001006,432106,Lucknow Street 6,HOME
Coimbatore,India,ganesh.shopper07@hotmail.com,Ganesh,MALE,Pillai,Ganesh@Test3007,9012001007,Tamil Nadu,Coimbatore Updated 7,Tamil Nadu Updated 7,House 207,Coimbatore Landmark 7,Ganesh Pillai,9012001007,560010,Coimbatore Street 7,HOME
Bhubaneswar,India,hemanth.shopper08@outlook.com,Hemanth,MALE,Das,Hemanth@Test3008,9012001008,Odisha,Bhubaneswar Updated 8,Odisha Updated 8,House 208,Bhubaneswar Landmark 8,Hemanth Das,9012001008,432101,Bhubaneswar Street 8,HOME
Bhopal,India,irfan.shopper09@gmail.com,Irfan,MALE,Khan,Irfan@Test3009,9012001009,Madhya Pradesh,Bhopal Updated 9,Madhya Pradesh Updated 9,House 209,Bhopal Landmark 9,Irfan Khan,9012001009,432102,Bhopal Street 9,HOME
Mangaluru,India,jeevan.shopper10@yahoo.com,Jeevan,MALE,Shetty,Jeevan@Test3010,9012001010,Karnataka,Mangaluru Updated 10,Karnataka Updated 10,House 210,Mangaluru Landmark 10,Jeevan Shetty,9012001010,432103,Mangaluru Street 10,HOME
Vadodara,India,kiran.shopper11@hotmail.com,Kiran,MALE,Joshi,Kiran@Test3011,9012001011,Gujarat,Vadodara Updated 11,Gujarat Updated 11,House 211,Vadodara Landmark 11,Kiran Joshi,9012001011,432104,Vadodara Street 11,HOME
Chandigarh,India,mohan.shopper12@outlook.com,Mohan,MALE,Singh,Mohan@Test3012,9012001012,Chandigarh,Chandigarh Updated 12,Chandigarh Updated 12,House 212,Chandigarh Landmark 12,Mohan Singh,9012001012,432105,Chandigarh Street 12,HOME
Noida,India,nikhil.shopper13@gmail.com,Nikhil,MALE,Verma,Nikhil@Test3013,9012001013,Uttar Pradesh,Noida Updated 13,Uttar Pradesh Updated 13,House 213,Noida Landmark 13,Nikhil Verma,9012001013,432106,Noida Street 13,HOME
Nagpur,India,omkar.shopper14@yahoo.com,Omkar,MALE,Desai,Omkar@Test3014,9012001014,Maharashtra,Nagpur Updated 14,Maharashtra Updated 14,House 214,Nagpur Landmark 14,Omkar Desai,9012001014,560010,Nagpur Street 14,HOME
